"id","order_photo","lot_id","image_url"
"1","0","1",https://storage.yandexcloud.net/zveron-profile/random.jpeg
"2","0","2",https://storage.yandexcloud.net/zveron-profile/random.jpeg
"3","0","3",https://storage.yandexcloud.net/zveron-profile/random.jpeg
"4","0","4",https://storage.yandexcloud.net/zveron-profile/random.jpeg
"5","0","5",https://storage.yandexcloud.net/zveron-profile/random.jpeg
"6","0","6",https://storage.yandexcloud.net/zveron-profile/random.jpeg
"7","0","7",https://storage.yandexcloud.net/zveron-profile/random.jpeg
"8","0","8",https://storage.yandexcloud.net/zveron-profile/random.jpeg
"9","0","9",https://storage.yandexcloud.net/zveron-profile/random.jpeg
"10","0","10",https://storage.yandexcloud.net/zveron-profile/random.jpeg
"11","0","11",https://storage.yandexcloud.net/zveron-profile/random.jpeg
"12","0","12",https://storage.yandexcloud.net/zveron-profile/random.jpeg
"13","0","13",https://storage.yandexcloud.net/zveron-profile/random.jpeg
"14","0","14",https://storage.yandexcloud.net/zveron-profile/random.jpeg
"15","0","15",https://storage.yandexcloud.net/zveron-profile/random.jpeg
"16","0","16",https://storage.yandexcloud.net/zveron-profile/random.jpeg
"17","0","17",https://storage.yandexcloud.net/zveron-profile/random.jpeg
"18","0","18",https://storage.yandexcloud.net/zveron-profile/random.jpeg
"19","0","19",https://storage.yandexcloud.net/zveron-profile/random.jpeg
"20","0","20",https://storage.yandexcloud.net/zveron-profile/random.jpeg
"21","0","21",https://storage.yandexcloud.net/zveron-profile/random.jpeg
"22","0","22",https://storage.yandexcloud.net/zveron-profile/random.jpeg
"23","0","23",https://storage.yandexcloud.net/zveron-profile/random.jpeg
"24","0","24",https://storage.yandexcloud.net/zveron-profile/random.jpeg
"25","0","25",https://storage.yandexcloud.net/zveron-profile/random.jpeg
"26","0","26",https://storage.yandexcloud.net/zveron-profile/random.jpeg
"27","0","27",https://storage.yandexcloud.net/zveron-profile/random.jpeg
"28","0","28",https://storage.yandexcloud.net/zveron-profile/random.jpeg
"29","0","29",https://storage.yandexcloud.net/zveron-profile/random.jpeg
"30","0","30",https://storage.yandexcloud.net/zveron-profile/random.jpeg
"31","0","31",https://storage.yandexcloud.net/zveron-profile/random.jpeg
"32","0","32",https://storage.yandexcloud.net/zveron-profile/random.jpeg
"33","0","33",https://storage.yandexcloud.net/zveron-profile/random.jpeg
"34","0","34",https://storage.yandexcloud.net/zveron-profile/random.jpeg
"35","0","35",https://storage.yandexcloud.net/zveron-profile/random.jpeg
"36","0","36",https://storage.yandexcloud.net/zveron-profile/random.jpeg
"37","0","37",https://storage.yandexcloud.net/zveron-profile/random.jpeg
"38","0","38",https://storage.yandexcloud.net/zveron-profile/random.jpeg
"39","0","39",https://storage.yandexcloud.net/zveron-profile/random.jpeg
"40","0","40",https://storage.yandexcloud.net/zveron-profile/random.jpeg
"41","0","41",https://storage.yandexcloud.net/zveron-profile/random.jpeg
"42","0","42",https://storage.yandexcloud.net/zveron-profile/random.jpeg
"43","0","43",https://storage.yandexcloud.net/zveron-profile/random.jpeg
"44","0","44",https://storage.yandexcloud.net/zveron-profile/random.jpeg
"45","0","45",https://storage.yandexcloud.net/zveron-profile/random.jpeg
"46","0","46",https://storage.yandexcloud.net/zveron-profile/random.jpeg
"47","0","47",https://storage.yandexcloud.net/zveron-profile/random.jpeg
"48","0","48",https://storage.yandexcloud.net/zveron-profile/random.jpeg
"49","0","49",https://storage.yandexcloud.net/zveron-profile/random.jpeg
"50","0","50",https://storage.yandexcloud.net/zveron-profile/random.jpeg
"51","0","51",https://storage.yandexcloud.net/zveron-profile/random.jpeg
"52","0","52",https://storage.yandexcloud.net/zveron-profile/random.jpeg
"53","0","53",https://storage.yandexcloud.net/zveron-profile/random.jpeg
"54","0","54",https://storage.yandexcloud.net/zveron-profile/random.jpeg
"55","0","55",https://storage.yandexcloud.net/zveron-profile/random.jpeg
"56","0","56",https://storage.yandexcloud.net/zveron-profile/random.jpeg
"57","0","57",https://storage.yandexcloud.net/zveron-profile/random.jpeg
"58","0","58",https://storage.yandexcloud.net/zveron-profile/random.jpeg
"59","0","59",https://storage.yandexcloud.net/zveron-profile/random.jpeg
"60","0","60",https://storage.yandexcloud.net/zveron-profile/random.jpeg